id,ip_address,country,email
1,240.134.44.206,Bolivia,rgarza0@webs.com
2,152.100.124.108,Brazil,aelliott1@bing.com
3,54.217.164.25,Czech Republic,jwhite2@digg.com
4,112.221.92.2,China,kgreene3@wunderground.com
5,159.144.119.50,Russia,bedwards4@dmoz.org
6,47.175.7.236,Russia,rcole5@who.int
7,26.182.27.77,China,fhawkins6@jimdo.com
8,186.55.110.115,Sweden,rclark7@geocities.com
9,252.128.110.237,Palestinian Territory,vhawkins8@cnn.com
10,128.87.92.19,Thailand,cwagner9@wp.com
11,252.243.91.98,China,wgraya@google.com.hk
12,235.110.197.148,Tanzania,barmstrongb@topsy.com
13,75.17.98.179,Philippines,wwilliamsonc@phpbb.com
14,217.40.4.119,Belarus,thansond@sina.com.cn
15,219.152.155.43,Colombia,jalvareze@nps.gov
16,57.138.49.87,Madagascar,lwoodsf@msu.edu
17,29.223.85.94,Sweden,hcoxg@washington.edu
18,224.153.125.155,Portugal,vlynchh@surveymonkey.com
19,76.69.121.152,China,ajonesi@pen.io
20,36.89.189.61,Nigeria,mmasonj@yelp.com
21,85.28.180.112,Iraq,mperezk@blog.com
22,38.60.233.218,Albania,kgonzalezl@google.nl
23,182.72.170.16,Portugal,dboydm@taobao.com
24,0.238.53.99,Sweden,bwarrenn@jiathis.com
25,7.224.217.243,Pakistan,jmurrayo@berkeley.edu
26,158.229.231.181,Russia,fburnsp@cbc.ca
27,46.177.155.47,Sweden,cgarzaq@facebook.com
28,136.229.68.223,Sweden,sstewartr@aol.com
29,157.43.184.250,China,mclarks@creativecommons.org
30,34.151.65.242,Russia,levanst@cargocollective.com
31,12.12.172.171,France,awatkinsu@dot.gov
32,24.1.49.41,Philippines,galvarezv@addthis.com
33,63.154.71.123,China,hhuntw@mayoclinic.com
34,124.154.188.92,Ireland,kdixonx@salon.com
35,223.175.1.129,Portugal,sfoxy@sogou.com
36,51.150.34.63,Indonesia,jsanchezz@goodreads.com
37,77.237.228.168,Peru,jking10@sciencedirect.com
38,76.30.44.235,China,jarnold11@amazon.co.uk
39,242.175.220.251,Russia,cfox12@rambler.ru
40,189.66.147.232,Cape Verde,pjones13@china.com.cn
41,175.60.34.115,Indonesia,eyoung14@independent.co.uk
42,74.41.13.247,China,amills15@artisteer.com
43,11.47.218.176,Egypt,gwallace16@cbslocal.com
44,11.75.168.167,Portugal,ktaylor17@biblegateway.com
45,24.206.213.126,Cameroon,mharrison18@e-recht24.de
46,104.57.139.231,China,pmiller19@live.com
47,217.146.12.148,Philippines,kwebb1a@tripadvisor.com
48,190.72.46.6,China,bgardner1b@vinaora.com
49,91.9.221.184,Colombia,jmorrison1c@dropbox.com
50,221.132.88.103,Namibia,mgibson1d@omniture.com
51,103.153.108.134,Central African Republic,pbishop1e@e-recht24.de
52,109.65.138.152,Russia,sgrant1f@un.org
53,153.57.27.123,Uruguay,ahawkins1g@discovery.com
54,69.179.237.96,Philippines,rturner1h@abc.net.au
55,132.176.121.169,Greece,jsanchez1i@skyrock.com
56,248.28.129.10,Peru,nhowell1j@gov.uk
57,30.116.17.91,Portugal,ewashington1k@toplist.cz
58,186.155.86.221,Indonesia,vpalmer1l@hud.gov
59,90.86.200.151,Philippines,ccarpenter1m@studiopress.com
60,119.213.105.8,China,plynch1n@com.com
61,225.107.149.140,China,mstone1o@blinklist.com
62,86.52.129.76,Bolivia,rcunningham1p@dailymotion.com
63,107.36.89.133,China,greid1q@homestead.com
64,195.126.120.38,France,sreed1r@blogs.com
65,241.25.204.91,China,jhall1s@si.edu
66,187.250.104.180,China,krichardson1t@baidu.com
67,238.75.145.20,China,gstone1u@e-recht24.de
68,100.88.139.96,Iran,jrice1v@netscape.com
69,172.58.215.103,Indonesia,agreen1w@gravatar.com
70,207.151.159.100,China,dholmes1x@slashdot.org
71,107.185.27.84,Argentina,sroberts1y@biglobe.ne.jp
72,42.180.26.0,Nigeria,gmcdonald1z@diigo.com
73,76.241.21.74,Indonesia,eshaw20@reverbnation.com
74,66.110.208.195,China,plewis21@springer.com
75,212.236.26.104,Indonesia,jwarren22@blogspot.com
76,134.217.202.75,Mexico,jmcdonald23@answers.com
77,178.245.81.133,Argentina,rcook24@imdb.com
78,245.201.201.123,Colombia,phernandez25@mlb.com
79,142.236.113.76,Iran,dmarshall26@bloglovin.com
80,36.255.164.169,Madagascar,tbishop27@yahoo.co.jp
81,131.130.196.180,China,agrant28@ed.gov
82,5.235.59.132,Czech Republic,swelch29@wp.com
83,38.132.106.255,Russia,pscott2a@netscape.com
84,164.37.188.75,Morocco,eweaver2b@squidoo.com
85,164.120.108.236,Brazil,rwheeler2c@merriam-webster.com
86,227.54.125.67,France,pbradley2d@fotki.com
87,119.125.149.122,Swaziland,jalexander2e@forbes.com
88,235.21.51.139,China,rlynch2f@virginia.edu
89,5.246.251.64,South Korea,cfrazier2g@meetup.com
90,153.161.23.217,China,lnguyen2h@blogtalkradio.com
91,60.29.65.167,China,ssims2i@constantcontact.com
92,158.85.16.116,Palestinian Territory,bburton2j@mozilla.org
93,81.137.69.50,Indonesia,jbishop2k@msu.edu
94,143.39.215.44,China,kstone2l@jugem.jp
95,226.11.198.223,Ukraine,bwright2m@bravesites.com
96,168.178.196.218,France,dkelly2n@adobe.com
97,45.246.192.180,Malaysia,sfoster2o@mayoclinic.com
98,245.227.226.134,Russia,kmoore2p@icio.us
99,76.22.123.142,Slovenia,npalmer2q@chron.com
100,44.110.25.49,China,rwelch2r@usgs.gov
