id,first_name,last_name
1,Ruby,Garza
2,Aaron,Elliott
3,Justin,White
4,Kathy,Greene
5,Brenda,Edwards
6,Robert,Cole
7,Frank,Hawkins
8,Ralph,Clark
9,Victor,Hawkins
10,Cheryl,Wagner
11,Wanda,Gray
12,Bobby,Armstrong
13,Willie,Williamson
14,Timothy,Hanson
15,Judith,Alvarez
16,Lillian,Woods
17,Howard,Cox
18,Virginia,Lynch
19,Alan,Jones
20,Marilyn,Mason
21,Martha,Perez
22,Kenneth,Gonzalez
23,Denise,Boyd
24,Bonnie,Warren
25,Joyce,Murray
26,Frank,Burns
27,Christine,Garza
28,Stephen,Stewart
29,Marie,Clark
30,Lois,Evans
31,Alan,Watkins
32,Gregory,Alvarez
33,Howard,Hunt
34,Kevin,Dixon
35,Sara,Fox
36,John,Sanchez
37,Jessica,King
38,Jerry,Arnold
39,Clarence,Fox
40,Philip,Jones
41,Emily,Young
42,Annie,Mills
43,Gerald,Wallace
44,Kathryn,Taylor
45,Michael,Harrison
46,Phyllis,Miller
47,Kelly,Webb
48,Billy,Gardner
49,Joe,Morrison
