id,first_name,last_name,country,ip_address,email
1,Ruby,Garza,Bolivia,240.134.44.206,rgarza0@webs.com
2,Aaron,Elliott,Brazil,152.100.124.108,aelliott1@bing.com
3,Justin,White,Czech Republic,54.217.164.25,jwhite2@digg.com
4,Kathy,Greene,China,112.221.92.2,kgreene3@wunderground.com
5,Brenda,Edwards,Russia,159.144.119.50,bedwards4@dmoz.org
6,Robert,Cole,Russia,47.175.7.236,rcole5@who.int
7,Frank,Hawkins,China,26.182.27.77,fhawkins6@jimdo.com
8,Ralph,Clark,Sweden,186.55.110.115,rclark7@geocities.com
9,Victor,Hawkins,Palestinian Territory,252.128.110.237,vhawkins8@cnn.com
10,Cheryl,Wagner,Thailand,128.87.92.19,cwagner9@wp.com
11,Wanda,Gray,China,252.243.91.98,wgraya@google.com.hk
12,Bobby,Armstrong,Tanzania,235.110.197.148,barmstrongb@topsy.com
13,Willie,Williamson,Philippines,75.17.98.179,wwilliamsonc@phpbb.com
14,Timothy,Hanson,Belarus,217.40.4.119,thansond@sina.com.cn
15,Judith,Alvarez,Colombia,219.152.155.43,jalvareze@nps.gov
16,Lillian,Woods,Madagascar,57.138.49.87,lwoodsf@msu.edu
17,Howard,Cox,Sweden,29.223.85.94,hcoxg@washington.edu
18,Virginia,Lynch,Portugal,224.153.125.155,vlynchh@surveymonkey.com
19,Alan,Jones,China,76.69.121.152,ajonesi@pen.io
20,Marilyn,Mason,Nigeria,36.89.189.61,mmasonj@yelp.com
21,Martha,Perez,Iraq,85.28.180.112,mperezk@blog.com
22,Kenneth,Gonzalez,Albania,38.60.233.218,kgonzalezl@google.nl
23,Denise,Boyd,Portugal,182.72.170.16,dboydm@taobao.com
24,Bonnie,Warren,Sweden,0.238.53.99,bwarrenn@jiathis.com
25,Joyce,Murray,Pakistan,7.224.217.243,jmurrayo@berkeley.edu
26,Frank,Burns,Russia,158.229.231.181,fburnsp@cbc.ca
27,Christine,Garza,Sweden,46.177.155.47,cgarzaq@facebook.com
28,Stephen,Stewart,Sweden,136.229.68.223,sstewartr@aol.com
29,Marie,Clark,China,157.43.184.250,mclarks@creativecommons.org
30,Lois,Evans,Russia,34.151.65.242,levanst@cargocollective.com
31,Alan,Watkins,France,12.12.172.171,awatkinsu@dot.gov
32,Gregory,Alvarez,Philippines,24.1.49.41,galvarezv@addthis.com
33,Howard,Hunt,China,63.154.71.123,hhuntw@mayoclinic.com
34,Kevin,Dixon,Ireland,124.154.188.92,kdixonx@salon.com
35,Sara,Fox,Portugal,223.175.1.129,sfoxy@sogou.com
36,John,Sanchez,Indonesia,51.150.34.63,jsanchezz@goodreads.com
37,Jessica,King,Peru,77.237.228.168,jking10@sciencedirect.com
38,Jerry,Arnold,China,76.30.44.235,jarnold11@amazon.co.uk
39,Clarence,Fox,Russia,242.175.220.251,cfox12@rambler.ru
40,Philip,Jones,Cape Verde,189.66.147.232,pjones13@china.com.cn
41,Emily,Young,Indonesia,175.60.34.115,eyoung14@independent.co.uk
42,Annie,Mills,China,74.41.13.247,amills15@artisteer.com
43,Gerald,Wallace,Egypt,11.47.218.176,gwallace16@cbslocal.com
44,Kathryn,Taylor,Portugal,11.75.168.167,ktaylor17@biblegateway.com
45,Michael,Harrison,Cameroon,24.206.213.126,mharrison18@e-recht24.de
46,Phyllis,Miller,China,104.57.139.231,pmiller19@live.com
47,Kelly,Webb,Philippines,217.146.12.148,kwebb1a@tripadvisor.com
48,Billy,Gardner,China,190.72.46.6,bgardner1b@vinaora.com
49,Joe,Morrison,Colombia,91.9.221.184,jmorrison1c@dropbox.com
